資料倉儲分析師(台北),威進國際資訊股份有限公司,台北市大安區,待遇面議,<p class="job-list-item__info b-clearfix b-content">1.處理大量原始資料進行資料清理及探索性分析
2.資料倉儲規劃、分析、建置。
3.資料倉儲model 優化及效能調整。
4.將資料視覺化, 產出分析報告或儀表板, 提供富有洞察力的數據協助營運決策
5.撰寫分析規格及流程文件 
</p>
資料倉儲分析師(台北),威進國際資訊股份有限公司,台北市大安區,待遇面議,<p class="job-list-item__info b-clearfix b-content">1.處理大量原始資料進行資料清理及探索性分析
2.資料倉儲規劃、分析、建置。
3.資料倉儲model 優化及效能調整。
4.將資料視覺化, 產出分析報告或儀表板, 提供富有洞察力的數據協助營運決策
5.撰寫分析規格及流程文件 
</p>
資料倉儲分析師(台北),威進國際資訊股份有限公司,台北市大安區,待遇面議,<p class="job-list-item__info b-clearfix b-content">1.處理大量原始資料進行資料清理及探索性分析
2.資料倉儲規劃、分析、建置。
3.資料倉儲model 優化及效能調整。
4.將資料視覺化, 產出分析報告或儀表板, 提供富有洞察力的數據協助營運決策
5.撰寫分析規格及流程文件 
</p>
資料倉儲分析師(台北),威進國際資訊股份有限公司,台北市大安區,待遇面議,<p class="job-list-item__info b-clearfix b-content">1.處理大量原始資料進行資料清理及探索性分析
2.資料倉儲規劃、分析、建置。
3.資料倉儲model 優化及效能調整。
4.將資料視覺化, 產出分析報告或儀表板, 提供富有洞察力的數據協助營運決策
5.撰寫分析規格及流程文件 
</p>
資料倉儲分析師(台北),威進國際資訊股份有限公司,台北市大安區,待遇面議,<p class="job-list-item__info b-clearfix b-content">1.處理大量原始資料進行資料清理及探索性分析
2.資料倉儲規劃、分析、建置。
3.資料倉儲model 優化及效能調整。
4.將資料視覺化, 產出分析報告或儀表板, 提供富有洞察力的數據協助營運決策
5.撰寫分析規格及流程文件 
</p>
資料倉儲分析師(台北),威進國際資訊股份有限公司,台北市大安區,待遇面議,<p class="job-list-item__info b-clearfix b-content">1.處理大量原始資料進行資料清理及探索性分析
2.資料倉儲規劃、分析、建置。
3.資料倉儲model 優化及效能調整。
4.將資料視覺化, 產出分析報告或儀表板, 提供富有洞察力的數據協助營運決策
5.撰寫分析規格及流程文件 
</p>
資料倉儲分析師(台北),威進國際資訊股份有限公司,台北市大安區,待遇面議,<p class="job-list-item__info b-clearfix b-content">1.處理大量原始資料進行資料清理及探索性分析
2.資料倉儲規劃、分析、建置。
3.資料倉儲model 優化及效能調整。
4.將資料視覺化, 產出分析報告或儀表板, 提供富有洞察力的數據協助營運決策
5.撰寫分析規格及流程文件 
</p>
資料倉儲分析師(台北),威進國際資訊股份有限公司,台北市大安區,待遇面議,<p class="job-list-item__info b-clearfix b-content">1.處理大量原始資料進行資料清理及探索性分析
2.資料倉儲規劃、分析、建置。
3.資料倉儲model 優化及效能調整。
4.將資料視覺化, 產出分析報告或儀表板, 提供富有洞察力的數據協助營運決策
5.撰寫分析規格及流程文件 
</p>
資料倉儲分析師(台北),威進國際資訊股份有限公司,台北市大安區,待遇面議,<p class="job-list-item__info b-clearfix b-content">1.處理大量原始資料進行資料清理及探索性分析
2.資料倉儲規劃、分析、建置。
3.資料倉儲model 優化及效能調整。
4.將資料視覺化, 產出分析報告或儀表板, 提供富有洞察力的數據協助營運決策
5.撰寫分析規格及流程文件 
</p>
資料倉儲分析師(台北),威進國際資訊股份有限公司,台北市大安區,待遇面議,<p class="job-list-item__info b-clearfix b-content">1.處理大量原始資料進行資料清理及探索性分析
2.資料倉儲規劃、分析、建置。
3.資料倉儲model 優化及效能調整。
4.將資料視覺化, 產出分析報告或儀表板, 提供富有洞察力的數據協助營運決策
5.撰寫分析規格及流程文件 
</p>
資料倉儲分析師(台北),威進國際資訊股份有限公司,台北市大安區,待遇面議,<p class="job-list-item__info b-clearfix b-content">1.處理大量原始資料進行資料清理及探索性分析
2.資料倉儲規劃、分析、建置。
3.資料倉儲model 優化及效能調整。
4.將資料視覺化, 產出分析報告或儀表板, 提供富有洞察力的數據協助營運決策
5.撰寫分析規格及流程文件 
</p>
資料倉儲分析師(台北),威進國際資訊股份有限公司,台北市大安區,待遇面議,<p class="job-list-item__info b-clearfix b-content">1.處理大量原始資料進行資料清理及探索性分析
2.資料倉儲規劃、分析、建置。
3.資料倉儲model 優化及效能調整。
4.將資料視覺化, 產出分析報告或儀表板, 提供富有洞察力的數據協助營運決策
5.撰寫分析規格及流程文件 
</p>
資料倉儲分析師(台北),威進國際資訊股份有限公司,台北市大安區,待遇面議,<p class="job-list-item__info b-clearfix b-content">1.處理大量原始資料進行資料清理及探索性分析
2.資料倉儲規劃、分析、建置。
3.資料倉儲model 優化及效能調整。
4.將資料視覺化, 產出分析報告或儀表板, 提供富有洞察力的數據協助營運決策
5.撰寫分析規格及流程文件 
</p>
資料倉儲分析師(台北),威進國際資訊股份有限公司,台北市大安區,待遇面議,<p class="job-list-item__info b-clearfix b-content">1.處理大量原始資料進行資料清理及探索性分析
2.資料倉儲規劃、分析、建置。
3.資料倉儲model 優化及效能調整。
4.將資料視覺化, 產出分析報告或儀表板, 提供富有洞察力的數據協助營運決策
5.撰寫分析規格及流程文件 
</p>
資料倉儲分析師(台北),威進國際資訊股份有限公司,台北市大安區,待遇面議,<p class="job-list-item__info b-clearfix b-content">1.處理大量原始資料進行資料清理及探索性分析
2.資料倉儲規劃、分析、建置。
3.資料倉儲model 優化及效能調整。
4.將資料視覺化, 產出分析報告或儀表板, 提供富有洞察力的數據協助營運決策
5.撰寫分析規格及流程文件 
</p>
資料倉儲分析師(台北),威進國際資訊股份有限公司,台北市大安區,待遇面議,<p class="job-list-item__info b-clearfix b-content">1.處理大量原始資料進行資料清理及探索性分析
2.資料倉儲規劃、分析、建置。
3.資料倉儲model 優化及效能調整。
4.將資料視覺化, 產出分析報告或儀表板, 提供富有洞察力的數據協助營運決策
5.撰寫分析規格及流程文件 
</p>
資料倉儲分析師(台北),威進國際資訊股份有限公司,台北市大安區,待遇面議,<p class="job-list-item__info b-clearfix b-content">1.處理大量原始資料進行資料清理及探索性分析
2.資料倉儲規劃、分析、建置。
3.資料倉儲model 優化及效能調整。
4.將資料視覺化, 產出分析報告或儀表板, 提供富有洞察力的數據協助營運決策
5.撰寫分析規格及流程文件 
</p>
資料倉儲分析師(台北),威進國際資訊股份有限公司,台北市大安區,待遇面議,<p class="job-list-item__info b-clearfix b-content">1.處理大量原始資料進行資料清理及探索性分析
2.資料倉儲規劃、分析、建置。
3.資料倉儲model 優化及效能調整。
4.將資料視覺化, 產出分析報告或儀表板, 提供富有洞察力的數據協助營運決策
5.撰寫分析規格及流程文件 
</p>
資料倉儲分析師(台北),威進國際資訊股份有限公司,台北市大安區,待遇面議,<p class="job-list-item__info b-clearfix b-content">1.處理大量原始資料進行資料清理及探索性分析
2.資料倉儲規劃、分析、建置。
3.資料倉儲model 優化及效能調整。
4.將資料視覺化, 產出分析報告或儀表板, 提供富有洞察力的數據協助營運決策
5.撰寫分析規格及流程文件 
</p>
資料倉儲分析師(台北),威進國際資訊股份有限公司,台北市大安區,待遇面議,<p class="job-list-item__info b-clearfix b-content">1.處理大量原始資料進行資料清理及探索性分析
2.資料倉儲規劃、分析、建置。
3.資料倉儲model 優化及效能調整。
4.將資料視覺化, 產出分析報告或儀表板, 提供富有洞察力的數據協助營運決策
5.撰寫分析規格及流程文件 
</p>
資料倉儲分析師(台北),威進國際資訊股份有限公司,台北市大安區,待遇面議,<p class="job-list-item__info b-clearfix b-content">1.處理大量原始資料進行資料清理及探索性分析
2.資料倉儲規劃、分析、建置。
3.資料倉儲model 優化及效能調整。
4.將資料視覺化, 產出分析報告或儀表板, 提供富有洞察力的數據協助營運決策
5.撰寫分析規格及流程文件 
</p>
資料倉儲分析師(台北),威進國際資訊股份有限公司,台北市大安區,待遇面議,<p class="job-list-item__info b-clearfix b-content">1.處理大量原始資料進行資料清理及探索性分析
2.資料倉儲規劃、分析、建置。
3.資料倉儲model 優化及效能調整。
4.將資料視覺化, 產出分析報告或儀表板, 提供富有洞察力的數據協助營運決策
5.撰寫分析規格及流程文件 
</p>
資料倉儲分析師(台北),威進國際資訊股份有限公司,台北市大安區,待遇面議,<p class="job-list-item__info b-clearfix b-content">1.處理大量原始資料進行資料清理及探索性分析
2.資料倉儲規劃、分析、建置。
3.資料倉儲model 優化及效能調整。
4.將資料視覺化, 產出分析報告或儀表板, 提供富有洞察力的數據協助營運決策
5.撰寫分析規格及流程文件 
</p>
資料倉儲分析師(台北),威進國際資訊股份有限公司,台北市大安區,待遇面議,<p class="job-list-item__info b-clearfix b-content">1.處理大量原始資料進行資料清理及探索性分析
2.資料倉儲規劃、分析、建置。
3.資料倉儲model 優化及效能調整。
4.將資料視覺化, 產出分析報告或儀表板, 提供富有洞察力的數據協助營運決策
5.撰寫分析規格及流程文件 
</p>
資料倉儲分析師(台北),威進國際資訊股份有限公司,台北市大安區,待遇面議,<p class="job-list-item__info b-clearfix b-content">1.處理大量原始資料進行資料清理及探索性分析
2.資料倉儲規劃、分析、建置。
3.資料倉儲model 優化及效能調整。
4.將資料視覺化, 產出分析報告或儀表板, 提供富有洞察力的數據協助營運決策
5.撰寫分析規格及流程文件 
</p>
資料倉儲分析師(台北),威進國際資訊股份有限公司,台北市大安區,待遇面議,<p class="job-list-item__info b-clearfix b-content">1.處理大量原始資料進行資料清理及探索性分析
2.資料倉儲規劃、分析、建置。
3.資料倉儲model 優化及效能調整。
4.將資料視覺化, 產出分析報告或儀表板, 提供富有洞察力的數據協助營運決策
5.撰寫分析規格及流程文件 
</p>
資料倉儲分析師(台北),威進國際資訊股份有限公司,台北市大安區,待遇面議,<p class="job-list-item__info b-clearfix b-content">1.處理大量原始資料進行資料清理及探索性分析
2.資料倉儲規劃、分析、建置。
3.資料倉儲model 優化及效能調整。
4.將資料視覺化, 產出分析報告或儀表板, 提供富有洞察力的數據協助營運決策
5.撰寫分析規格及流程文件 
</p>
資料倉儲分析師(台北),威進國際資訊股份有限公司,台北市大安區,待遇面議,<p class="job-list-item__info b-clearfix b-content">1.處理大量原始資料進行資料清理及探索性分析
2.資料倉儲規劃、分析、建置。
3.資料倉儲model 優化及效能調整。
4.將資料視覺化, 產出分析報告或儀表板, 提供富有洞察力的數據協助營運決策
5.撰寫分析規格及流程文件 
</p>
資料倉儲分析師(台北),威進國際資訊股份有限公司,台北市大安區,待遇面議,<p class="job-list-item__info b-clearfix b-content">1.處理大量原始資料進行資料清理及探索性分析
2.資料倉儲規劃、分析、建置。
3.資料倉儲model 優化及效能調整。
4.將資料視覺化, 產出分析報告或儀表板, 提供富有洞察力的數據協助營運決策
5.撰寫分析規格及流程文件 
</p>
資料倉儲分析師(台北),威進國際資訊股份有限公司,台北市大安區,待遇面議,<p class="job-list-item__info b-clearfix b-content">1.處理大量原始資料進行資料清理及探索性分析
2.資料倉儲規劃、分析、建置。
3.資料倉儲model 優化及效能調整。
4.將資料視覺化, 產出分析報告或儀表板, 提供富有洞察力的數據協助營運決策
5.撰寫分析規格及流程文件 
</p>
資料倉儲分析師(台北),威進國際資訊股份有限公司,台北市大安區,待遇面議,<p class="job-list-item__info b-clearfix b-content">1.處理大量原始資料進行資料清理及探索性分析
2.資料倉儲規劃、分析、建置。
3.資料倉儲model 優化及效能調整。
4.將資料視覺化, 產出分析報告或儀表板, 提供富有洞察力的數據協助營運決策
5.撰寫分析規格及流程文件 
</p>
資料倉儲分析師(台北),威進國際資訊股份有限公司,台北市大安區,待遇面議,<p class="job-list-item__info b-clearfix b-content">1.處理大量原始資料進行資料清理及探索性分析
2.資料倉儲規劃、分析、建置。
3.資料倉儲model 優化及效能調整。
4.將資料視覺化, 產出分析報告或儀表板, 提供富有洞察力的數據協助營運決策
5.撰寫分析規格及流程文件 
</p>
資料倉儲分析師(台北),威進國際資訊股份有限公司,台北市大安區,待遇面議,<p class="job-list-item__info b-clearfix b-content">1.處理大量原始資料進行資料清理及探索性分析
2.資料倉儲規劃、分析、建置。
3.資料倉儲model 優化及效能調整。
4.將資料視覺化, 產出分析報告或儀表板, 提供富有洞察力的數據協助營運決策
5.撰寫分析規格及流程文件 
</p>
資料倉儲分析師(台北),威進國際資訊股份有限公司,台北市大安區,待遇面議,<p class="job-list-item__info b-clearfix b-content">1.處理大量原始資料進行資料清理及探索性分析
2.資料倉儲規劃、分析、建置。
3.資料倉儲model 優化及效能調整。
4.將資料視覺化, 產出分析報告或儀表板, 提供富有洞察力的數據協助營運決策
5.撰寫分析規格及流程文件 
</p>
資料倉儲分析師(台北),威進國際資訊股份有限公司,台北市大安區,待遇面議,<p class="job-list-item__info b-clearfix b-content">1.處理大量原始資料進行資料清理及探索性分析
2.資料倉儲規劃、分析、建置。
3.資料倉儲model 優化及效能調整。
4.將資料視覺化, 產出分析報告或儀表板, 提供富有洞察力的數據協助營運決策
5.撰寫分析規格及流程文件 
</p>
資料倉儲分析師(台北),威進國際資訊股份有限公司,台北市大安區,待遇面議,<p class="job-list-item__info b-clearfix b-content">1.處理大量原始資料進行資料清理及探索性分析
2.資料倉儲規劃、分析、建置。
3.資料倉儲model 優化及效能調整。
4.將資料視覺化, 產出分析報告或儀表板, 提供富有洞察力的數據協助營運決策
5.撰寫分析規格及流程文件 
</p>
資料倉儲分析師(台北),威進國際資訊股份有限公司,台北市大安區,待遇面議,<p class="job-list-item__info b-clearfix b-content">1.處理大量原始資料進行資料清理及探索性分析
2.資料倉儲規劃、分析、建置。
3.資料倉儲model 優化及效能調整。
4.將資料視覺化, 產出分析報告或儀表板, 提供富有洞察力的數據協助營運決策
5.撰寫分析規格及流程文件 
</p>
資料倉儲分析師(台北),威進國際資訊股份有限公司,台北市大安區,待遇面議,<p class="job-list-item__info b-clearfix b-content">1.處理大量原始資料進行資料清理及探索性分析
2.資料倉儲規劃、分析、建置。
3.資料倉儲model 優化及效能調整。
4.將資料視覺化, 產出分析報告或儀表板, 提供富有洞察力的數據協助營運決策
5.撰寫分析規格及流程文件 
</p>
資料倉儲分析師(台北),威進國際資訊股份有限公司,台北市大安區,待遇面議,<p class="job-list-item__info b-clearfix b-content">1.處理大量原始資料進行資料清理及探索性分析
2.資料倉儲規劃、分析、建置。
3.資料倉儲model 優化及效能調整。
4.將資料視覺化, 產出分析報告或儀表板, 提供富有洞察力的數據協助營運決策
5.撰寫分析規格及流程文件 
</p>
資料倉儲分析師(台北),威進國際資訊股份有限公司,台北市大安區,待遇面議,<p class="job-list-item__info b-clearfix b-content">1.處理大量原始資料進行資料清理及探索性分析
2.資料倉儲規劃、分析、建置。
3.資料倉儲model 優化及效能調整。
4.將資料視覺化, 產出分析報告或儀表板, 提供富有洞察力的數據協助營運決策
5.撰寫分析規格及流程文件 
</p>
資料倉儲分析師(台北),威進國際資訊股份有限公司,台北市大安區,待遇面議,<p class="job-list-item__info b-clearfix b-content">1.處理大量原始資料進行資料清理及探索性分析
2.資料倉儲規劃、分析、建置。
3.資料倉儲model 優化及效能調整。
4.將資料視覺化, 產出分析報告或儀表板, 提供富有洞察力的數據協助營運決策
5.撰寫分析規格及流程文件 
</p>
資料倉儲分析師(台北),威進國際資訊股份有限公司,台北市大安區,待遇面議,<p class="job-list-item__info b-clearfix b-content">1.處理大量原始資料進行資料清理及探索性分析
2.資料倉儲規劃、分析、建置。
3.資料倉儲model 優化及效能調整。
4.將資料視覺化, 產出分析報告或儀表板, 提供富有洞察力的數據協助營運決策
5.撰寫分析規格及流程文件 
</p>
資料倉儲分析師(台北),威進國際資訊股份有限公司,台北市大安區,待遇面議,<p class="job-list-item__info b-clearfix b-content">1.處理大量原始資料進行資料清理及探索性分析
2.資料倉儲規劃、分析、建置。
3.資料倉儲model 優化及效能調整。
4.將資料視覺化, 產出分析報告或儀表板, 提供富有洞察力的數據協助營運決策
5.撰寫分析規格及流程文件 
</p>
資料倉儲分析師(台北),威進國際資訊股份有限公司,台北市大安區,待遇面議,<p class="job-list-item__info b-clearfix b-content">1.處理大量原始資料進行資料清理及探索性分析
2.資料倉儲規劃、分析、建置。
3.資料倉儲model 優化及效能調整。
4.將資料視覺化, 產出分析報告或儀表板, 提供富有洞察力的數據協助營運決策
5.撰寫分析規格及流程文件 
</p>
資料倉儲分析師(台北),威進國際資訊股份有限公司,台北市大安區,待遇面議,<p class="job-list-item__info b-clearfix b-content">1.處理大量原始資料進行資料清理及探索性分析
2.資料倉儲規劃、分析、建置。
3.資料倉儲model 優化及效能調整。
4.將資料視覺化, 產出分析報告或儀表板, 提供富有洞察力的數據協助營運決策
5.撰寫分析規格及流程文件 
</p>
資料倉儲分析師(台北),威進國際資訊股份有限公司,台北市大安區,待遇面議,<p class="job-list-item__info b-clearfix b-content">1.處理大量原始資料進行資料清理及探索性分析
2.資料倉儲規劃、分析、建置。
3.資料倉儲model 優化及效能調整。
4.將資料視覺化, 產出分析報告或儀表板, 提供富有洞察力的數據協助營運決策
5.撰寫分析規格及流程文件 
</p>
資料倉儲分析師(台北),威進國際資訊股份有限公司,台北市大安區,待遇面議,<p class="job-list-item__info b-clearfix b-content">1.處理大量原始資料進行資料清理及探索性分析
2.資料倉儲規劃、分析、建置。
3.資料倉儲model 優化及效能調整。
4.將資料視覺化, 產出分析報告或儀表板, 提供富有洞察力的數據協助營運決策
5.撰寫分析規格及流程文件 
</p>
資料倉儲分析師(台北),威進國際資訊股份有限公司,台北市大安區,待遇面議,<p class="job-list-item__info b-clearfix b-content">1.處理大量原始資料進行資料清理及探索性分析
2.資料倉儲規劃、分析、建置。
3.資料倉儲model 優化及效能調整。
4.將資料視覺化, 產出分析報告或儀表板, 提供富有洞察力的數據協助營運決策
5.撰寫分析規格及流程文件 
</p>
資料倉儲分析師(台北),威進國際資訊股份有限公司,台北市大安區,待遇面議,<p class="job-list-item__info b-clearfix b-content">1.處理大量原始資料進行資料清理及探索性分析
2.資料倉儲規劃、分析、建置。
3.資料倉儲model 優化及效能調整。
4.將資料視覺化, 產出分析報告或儀表板, 提供富有洞察力的數據協助營運決策
5.撰寫分析規格及流程文件 
</p>
資料倉儲分析師(台北),威進國際資訊股份有限公司,台北市大安區,待遇面議,<p class="job-list-item__info b-clearfix b-content">1.處理大量原始資料進行資料清理及探索性分析
2.資料倉儲規劃、分析、建置。
3.資料倉儲model 優化及效能調整。
4.將資料視覺化, 產出分析報告或儀表板, 提供富有洞察力的數據協助營運決策
5.撰寫分析規格及流程文件 
</p>
資料倉儲分析師(台北),威進國際資訊股份有限公司,台北市大安區,待遇面議,<p class="job-list-item__info b-clearfix b-content">1.處理大量原始資料進行資料清理及探索性分析
2.資料倉儲規劃、分析、建置。
3.資料倉儲model 優化及效能調整。
4.將資料視覺化, 產出分析報告或儀表板, 提供富有洞察力的數據協助營運決策
5.撰寫分析規格及流程文件 
</p>
資料倉儲分析師(台北),威進國際資訊股份有限公司,台北市大安區,待遇面議,<p class="job-list-item__info b-clearfix b-content">1.處理大量原始資料進行資料清理及探索性分析
2.資料倉儲規劃、分析、建置。
3.資料倉儲model 優化及效能調整。
4.將資料視覺化, 產出分析報告或儀表板, 提供富有洞察力的數據協助營運決策
5.撰寫分析規格及流程文件 
</p>
資料倉儲分析師(台北),威進國際資訊股份有限公司,台北市大安區,待遇面議,<p class="job-list-item__info b-clearfix b-content">1.處理大量原始資料進行資料清理及探索性分析
2.資料倉儲規劃、分析、建置。
3.資料倉儲model 優化及效能調整。
4.將資料視覺化, 產出分析報告或儀表板, 提供富有洞察力的數據協助營運決策
5.撰寫分析規格及流程文件 
</p>
